{
  "AccessGatewayFilter": 124.09715549997054,
  "AreaCalculator": 139.5406652999809,
  "ArgumentParser": 38.199044200009666,
  "ArrangementCalculator": 143.48408009996638,
  "AssessmentSystem": 196.79008480010089,
  "AutomaticGuitarSimulator": 105.50649950001389,
  "AvgPartition": 142.80174429994076,
  "BalancedBrackets": 19.51345989992842,
  "BankAccount": 75.34207819995936,
  "BigNumCalculator": 23.93383310001809,
  "BinaryDataProcessor": 199.65279039996676,
  "BitStatusUtil": 98.86492249998264,
  "BlackjackGame": 106.99097299994901,
  "BookManagement": 110.28143350000028,
  "BookManagementDB": 134.6795940999873,
  "BoyerMooreSearch": 31.3337183999829,
  "Calculator": 39.661831600009464,
  "CalendarUtil": 187.4811055000173,
  "CamelCaseMap": 35.89508709998336,
  "ChandrasekharSieve": 91.84026399999857,
  "Chat": 117.6750594000332,
  "ClassRegistrationSystem": 157.68869570002425,
  "Classroom": 159.0562934000045,
  "CombinationCalculator": 20.209214100032113,
  "ComplexCalculator": 20.736549200024456,
  "CookiesUtil": 131.11083310004324,
  "CSVProcessor": 190.46241130004637,
  "CurrencyConverter": 134.46091329993214,
  "DatabaseProcessor": 140.31221080000978,
  "DataStatistics": 110.95790379995015,
  "DataStatistics2": 20.922223199973814,
  "DataStatistics4": 32.1099979999708,
  "DecryptionUtils": 20.267278300016187,
  "DiscountStrategy": 129.69719310000073,
  "EightPuzzle": 53.737179299932905,
  "EmailClient": 202.10798319999594,
  "EncryptionUtils": 18.38251839997247,
  "ExcelProcessor": 218.99705280002672,
  "ExpressionCalculator": 59.290627599926665,
  "FitnessTracker": 162.26469710003585,
  "GomokuGame": 127.24857759999577,
  "Hotel": 207.3633071000222,
  "HRManagementSystem": 134.4189100000076,
  "Interpolation": 181.7866433999734,
  "IPAddress": 24.91202210006304,
  "IpUtil": 30.175208500004373,
  "JobMarketplace": 133.65009810007177,
  "JSONProcessor": 131.89489690004848,
  "KappaCalculator": 129.98983870004304,
  "LongestWord": 19.059735600021668,
  "MahjongConnect": 159.53881659999024,
  "Manacher": 150.59855230001267,
  "MetricsCalculator": 217.2136227999581,
  "MetricsCalculator2": 184.1970442000311,
  "MovieBookingSystem": 157.63376510003582,
  "MovieTicketDB": 40.56831570004579,
  "MusicPlayer": 130.94295340008102,
  "NLPDataProcessor": 111.49941809999291,
  "NLPDataProcessor2": 163.03736700001173,
  "NumberConverter": 106.11669749999419,
  "NumberWordFormatter": 202.41351440001745,
  "NumericEntityUnescaper": 140.26721159997396,
  "Order": 150.5297023000894,
  "PageUtil": 157.32529379997868,
  "PersonRequest": 359.516641199938,
  "PushBoxGame": 42.940900999936275,
  "RegexUtils": 30.30762869992759,
  "RPGCharacter": 142.01967569999397,
  "Server": 123.35170190001372,
  "ShoppingCart": 136.2112956000492,
  "SignInSystem": 119.02392239996698,
  "Snake": 210.2978856000118,
  "SplitSentence": 36.87975690001622,
  "SQLGenerator": 26.471205899957567,
  "SQLQueryBuilder": 157.9517571000615,
  "Statistics3": 20.19504860008601,
  "StockPortfolioTracker": 154.06662419997156,
  "StudentDatabaseProcessor": 169.84758149995469,
  "TextFileProcessor": 110.50784490001388,
  "Thermostat": 110.07571790006477,
  "TicTacToe": 27.32100969995372,
  "TimeUtils": 288.30467730003875,
  "TriCalculator": 32.45110810000915,
  "TwentyFourPointGame": 182.8674367000349,
  "URLHandler": 125.68940350005869,
  "UrlPath": 131.4788053999655,
  "UserLoginDB": 130.84416700003203,
  "VectorUtil": 195.02088949992321,
  "VendingMachine": 31.94935909996275,
  "Warehouse": 133.13039249996655,
  "WeatherSystem": 123.25049630005378,
  "Words2Numbers": 179.65132689999882,
  "XMLProcessor": 34.63885119999759,
  "ZipFileProcessor": 24.95547750010155
}