{
  "AccessGatewayFilter": 37.77531280007679,
  "AreaCalculator": 24.127580999978818,
  "ArgumentParser": 42.60504060005769,
  "ArrangementCalculator": 43.73462240002118,
  "AssessmentSystem": 39.153459100052714,
  "AutomaticGuitarSimulator": 30.7709941000212,
  "AvgPartition": 26.773667000001296,
  "BalancedBrackets": 27.43139569996856,
  "BankAccount": 24.504159500007518,
  "BigNumCalculator": 35.966709100059234,
  "BinaryDataProcessor": 23.9006297000451,
  "BitStatusUtil": 38.02780750009697,
  "BlackjackGame": 40.025420999969356,
  "BookManagement": 16.00652599998284,
  "BookManagementDB": 55.28712069999892,
  "BoyerMooreSearch": 30.05011349997949,
  "Calculator": 36.40224219998345,
  "CalendarUtil": 37.763501600013115,
  "CamelCaseMap": 43.86206169996876,
  "ChandrasekharSieve": 19.224700800026767,
  "Chat": 29.88170429994352,
  "ClassRegistrationSystem": 41.094254399999045,
  "Classroom": 45.450971599901095,
  "CombinationCalculator": 31.408642400056124,
  "ComplexCalculator": 22.21696830005385,
  "CookiesUtil": 40.79391609993763,
  "CSVProcessor": 51.48432990000583,
  "CurrencyConverter": 31.669773900066502,
  "DatabaseProcessor": 33.338739300030284,
  "DataStatistics": 20.994911800022237,
  "DataStatistics2": 30.67677989997901,
  "DataStatistics4": 44.54702289996203,
  "DecryptionUtils": 41.10080969997216,
  "DiscountStrategy": 38.64753370010294,
  "EightPuzzle": 49.09808949998114,
  "EmailClient": 45.23694109998178,
  "EncryptionUtils": 35.671330100041814,
  "ExcelProcessor": 37.765817500068806,
  "ExpressionCalculator": 50.80161530000623,
  "FitnessTracker": 36.560894800000824,
  "GomokuGame": 26.653945799916983,
  "Hotel": 36.24518239998724,
  "HRManagementSystem": 35.07251580001321,
  "Interpolation": 30.73199569992721,
  "IPAddress": 19.924007699941285,
  "IpUtil": 25.668697700020857,
  "JobMarketplace": 35.39349350007251,
  "JSONProcessor": 31.328224900062196,
  "KappaCalculator": 33.40315779997036,
  "LongestWord": 20.990561199956574,
  "MahjongConnect": 35.21835550002288,
  "Manacher": 25.626406100112945,
  "MetricsCalculator": 40.12901959998999,
  "MetricsCalculator2": 35.542521200026385,
  "MovieBookingSystem": 41.96576160006225,
  "MovieTicketDB": 32.66766130004544,
  "MusicPlayer": 36.18401890003588,
  "NLPDataProcessor": 29.378564399899915,
  "NLPDataProcessor2": 32.4172649999382,
  "NumberConverter": 16.8508086000802,
  "NumberWordFormatter": 47.005450800061226,
  "NumericEntityUnescaper": 21.446647999924608,
  "Order": 27.358250500052236,
  "PageUtil": 29.170609800028615,
  "PersonRequest": 28.450025300029665,
  "PushBoxGame": 45.89450669998769,
  "RegexUtils": 29.262197299976833,
  "RPGCharacter": 26.766277400078252,
  "Server": 41.50387070002034,
  "ShoppingCart": 28.791287300060503,
  "SignInSystem": 23.074036700068973,
  "Snake": 28.501751699950546,
  "SplitSentence": 23.439804900088347,
  "SQLGenerator": 34.01029670005664,
  "SQLQueryBuilder": 38.688283899915405,
  "Statistics3": 41.02151680004317,
  "StockPortfolioTracker": 42.52224059996661,
  "StudentDatabaseProcessor": 53.421456899959594,
  "TextFileProcessor": 20.906621899921447,
  "Thermostat": 40.185025200014934,
  "TicTacToe": 35.252888299990445,
  "TimeUtils": 53.65809319994878,
  "TriCalculator": 32.874690699973144,
  "TwentyFourPointGame": 41.64935600000899,
  "URLHandler": 41.7741644999478,
  "UrlPath": 35.41484029998537,
  "UserLoginDB": 39.22123039991129,
  "VectorUtil": 45.5676188999787,
  "VendingMachine": 50.28973600000609,
  "Warehouse": 34.67911589995492,
  "WeatherSystem": 37.62769550003577,
  "Words2Numbers": 44.92339250002988,
  "XMLProcessor": 38.423082199995406,
  "ZipFileProcessor": 56.75419779994991
}