{
  "AccessGatewayFilter": 40.95083380001597,
  "AreaCalculator": 12.913209300022572,
  "ArgumentParser": 47.403518999926746,
  "ArrangementCalculator": 24.781073099933565,
  "AssessmentSystem": 33.17890219995752,
  "AutomaticGuitarSimulator": 33.79181859991513,
  "AvgPartition": 16.89802569989115,
  "BalancedBrackets": 11.668056900147349,
  "BankAccount": 14.544890800025314,
  "BigNumCalculator": 36.046714999945834,
  "BinaryDataProcessor": 15.469022399978712,
  "BitStatusUtil": 12.1816986000631,
  "BlackjackGame": 28.77298290003091,
  "BookManagement": 10.9705457999371,
  "BookManagementDB": 43.6091081998311,
  "BoyerMooreSearch": 16.999753499869257,
  "Calculator": 28.162681800080463,
  "CalendarUtil": 34.918893499998376,
  "CamelCaseMap": 24.780229599913582,
  "ChandrasekharSieve": 20.48101820005104,
  "Chat": 20.172828399809077,
  "ClassRegistrationSystem": 32.25710829999298,
  "Classroom": 33.7933880998753,
  "CombinationCalculator": 32.46200010017492,
  "ComplexCalculator": 18.2265535001643,
  "CookiesUtil": 20.58334179990925,
  "CSVProcessor": 16.200050099985674,
  "CurrencyConverter": 18.104763000039384,
  "DatabaseProcessor": 23.55255729984492,
  "DataStatistics": 13.745299899950624,
  "DataStatistics2": 19.2432088998612,
  "DataStatistics4": 19.851278300164267,
  "DecryptionUtils": 24.782559300074354,
  "DiscountStrategy": 27.442948600044474,
  "EightPuzzle": 43.93182419985533,
  "EmailClient": 22.528620100114495,
  "EncryptionUtils": 34.71461410005577,
  "ExcelProcessor": 26.83021069993265,
  "ExpressionCalculator": 50.075320000061765,
  "FitnessTracker": 20.38276299997233,
  "GomokuGame": 18.324166799895465,
  "Hotel": 23.75895389984362,
  "HRManagementSystem": 22.01566190016456,
  "Interpolation": 26.829756999854,
  "IPAddress": 17.10062039992772,
  "IpUtil": 20.286299100145698,
  "JobMarketplace": 31.63152529997751,
  "JSONProcessor": 29.698622799944133,
  "KappaCalculator": 26.93045169999823,
  "LongestWord": 19.96937400009483,
  "MahjongConnect": 24.781008400022984,
  "Manacher": 12.083711700048298,
  "MetricsCalculator": 27.444344900082797,
  "MetricsCalculator2": 26.11147930007428,
  "MovieBookingSystem": 37.2760988001246,
  "MovieTicketDB": 21.299324000021443,
  "MusicPlayer": 28.776575800031424,
  "NLPDataProcessor": 23.447805000003427,
  "NLPDataProcessor2": 18.638886700151488,
  "NumberConverter": 16.28118529985659,
  "NumberWordFormatter": 38.50335459993221,
  "NumericEntityUnescaper": 17.203776499954984,
  "Order": 23.146423199912533,
  "PageUtil": 18.121532399905846,
  "PersonRequest": 20.48273909999989,
  "PushBoxGame": 34.71336470008828,
  "RegexUtils": 23.143141000065953,
  "RPGCharacter": 17.534605300053954,
  "Server": 32.95060270000249,
  "ShoppingCart": 25.600128900026903,
  "SignInSystem": 15.154873399995267,
  "Snake": 22.68449299992062,
  "SplitSentence": 11.519065400119871,
  "SQLGenerator": 33.281227600062266,
  "SQLQueryBuilder": 36.55772379995324,
  "Statistics3": 42.80538869998418,
  "StockPortfolioTracker": 37.06879940000363,
  "StudentDatabaseProcessor": 34.30788360000588,
  "TextFileProcessor": 10.441864399937913,
  "Thermostat": 19.272192900069058,
  "TicTacToe": 27.324229100020602,
  "TimeUtils": 40.1402134001255,
  "TriCalculator": 29.388010499998927,
  "TwentyFourPointGame": 33.38763569993898,
  "URLHandler": 33.32714269985445,
  "UrlPath": 30.468249900033697,
  "UserLoginDB": 31.025544499978423,
  "VectorUtil": 48.43660499993712,
  "VendingMachine": 34.1020136999432,
  "Warehouse": 29.391013500047848,
  "WeatherSystem": 21.76287189987488,
  "Words2Numbers": 33.84338119998574,
  "XMLProcessor": 29.488997800042853,
  "ZipFileProcessor": 40.65495519991964
}