{
  "AccessGatewayFilter": 92.87839420000091,
  "AreaCalculator": 27.40595780010335,
  "ArgumentParser": 89.4749676999636,
  "ArrangementCalculator": 30.038034999975935,
  "AssessmentSystem": 96.32291350001469,
  "AutomaticGuitarSimulator": 72.01037329994142,
  "AvgPartition": 63.66908959997818,
  "BalancedBrackets": 21.941171000013128,
  "BankAccount": 24.096769099938683,
  "BigNumCalculator": 43.05219370010309,
  "BinaryDataProcessor": 23.59404999995604,
  "BitStatusUtil": 73.67161900002975,
  "BlackjackGame": 82.81516270001885,
  "BookManagement": 20.693036299897358,
  "BookManagementDB": 91.18262439989485,
  "BoyerMooreSearch": 56.483947600005195,
  "Calculator": 78.71428209997248,
  "CalendarUtil": 70.07611399993766,
  "CamelCaseMap": 65.56815420009661,
  "ChandrasekharSieve": 19.88960970006883,
  "Chat": 28.919813900021836,
  "ClassRegistrationSystem": 89.50343109993264,
  "Classroom": 98.81301010004245,
  "CombinationCalculator": 64.59609490004368,
  "ComplexCalculator": 24.197426500031725,
  "CookiesUtil": 76.8895350000821,
  "CSVProcessor": 92.34665339998901,
  "CurrencyConverter": 29.036069600027986,
  "DatabaseProcessor": 68.3873445999343,
  "DataStatistics": 23.801885999972,
  "DataStatistics2": 52.08676390000619,
  "DataStatistics4": 45.201809099991806,
  "DecryptionUtils": 41.36150170001201,
  "DiscountStrategy": 83.01360830001067,
  "EightPuzzle": 42.24400369997602,
  "EmailClient": 83.76002170005813,
  "EncryptionUtils": 42.14219400007278,
  "ExcelProcessor": 85.62758920004126,
  "ExpressionCalculator": 119.2653315999778,
  "FitnessTracker": 78.99744319997262,
  "GomokuGame": 31.17352920002304,
  "Hotel": 87.09139910002705,
  "HRManagementSystem": 33.5988772000419,
  "Interpolation": 46.90964389999863,
  "IPAddress": 21.043171699973755,
  "IpUtil": 56.50086230004672,
  "JobMarketplace": 81.63582820002921,
  "JSONProcessor": 69.44145630009007,
  "KappaCalculator": 49.1897309999913,
  "LongestWord": 43.90781760006212,
  "MahjongConnect": 37.08626000001095,
  "Manacher": 75.16781819995958,
  "MetricsCalculator": 83.92770400003064,
  "MetricsCalculator2": 92.65900839993265,
  "MovieBookingSystem": 96.57983209996019,
  "MovieTicketDB": 47.235370100010186,
  "MusicPlayer": 49.35591749998275,
  "NLPDataProcessor": 69.86038540001027,
  "NLPDataProcessor2": 72.54378499998711,
  "NumberConverter": 16.185273200040683,
  "NumberWordFormatter": 92.06012219993863,
  "NumericEntityUnescaper": 23.910177699988708,
  "Order": 67.94627210008912,
  "PageUtil": 31.42108349991031,
  "PersonRequest": 48.26736139995046,
  "PushBoxGame": 85.37305709999055,
  "RegexUtils": 32.69532229995821,
  "RPGCharacter": 24.784469999955036,
  "Server": 67.02588420000393,
  "ShoppingCart": 92.16580529999919,
  "SignInSystem": 22.189820099971257,
  "Snake": 105.78983479994349,
  "SplitSentence": 58.5943624000065,
  "SQLGenerator": 38.50153330003377,
  "SQLQueryBuilder": 73.98102040006779,
  "Statistics3": 88.68622799997684,
  "StockPortfolioTracker": 99.30277710000519,
  "StudentDatabaseProcessor": 97.83752419997472,
  "TextFileProcessor": 22.00301819993183,
  "Thermostat": 28.51420499989763,
  "TicTacToe": 36.70407179999165,
  "TimeUtils": 79.63174079998862,
  "TriCalculator": 69.0660359999165,
  "TwentyFourPointGame": 47.983736200025305,
  "URLHandler": 69.42043810000177,
  "UrlPath": 69.78779800003394,
  "UserLoginDB": 80.78940240002703,
  "VectorUtil": 100.83893189998344,
  "VendingMachine": 106.25915779999923,
  "Warehouse": 74.30608989996836,
  "WeatherSystem": 65.30875120009296,
  "Words2Numbers": 107.3845476999413,
  "XMLProcessor": 78.50645139999688,
  "ZipFileProcessor": 47.63867640006356
}