{
  "AccessGatewayFilter": 42.021086500026286,
  "AreaCalculator": 17.192297500092536,
  "ArgumentParser": 48.95876069995575,
  "ArrangementCalculator": 24.915972099872306,
  "AssessmentSystem": 35.72047899989411,
  "AutomaticGuitarSimulator": 28.41616509994492,
  "AvgPartition": 22.230407500173897,
  "BalancedBrackets": 15.048763900063932,
  "BankAccount": 13.039186200127006,
  "BigNumCalculator": 34.41936880000867,
  "BinaryDataProcessor": 18.773653300013393,
  "BitStatusUtil": 18.51382809993811,
  "BlackjackGame": 52.95388870011084,
  "BookManagement": 16.024567699991167,
  "BookManagementDB": 43.46024319995195,
  "BoyerMooreSearch": 18.595899400068447,
  "Calculator": 29.241643500048667,
  "CalendarUtil": 29.5237667998299,
  "CamelCaseMap": 26.297673900146037,
  "ChandrasekharSieve": 22.101518500130624,
  "Chat": 31.894092099973932,
  "ClassRegistrationSystem": 42.912884399993345,
  "Classroom": 37.8253776000347,
  "CombinationCalculator": 36.97030729986727,
  "ComplexCalculator": 19.82152900006622,
  "CookiesUtil": 27.857737299986184,
  "CSVProcessor": 31.037921600043774,
  "CurrencyConverter": 21.50567839993164,
  "DatabaseProcessor": 30.034403200028464,
  "DataStatistics": 21.90246250014752,
  "DataStatistics2": 20.02888819994405,
  "DataStatistics4": 27.852956400020048,
  "DecryptionUtils": 33.041223200038075,
  "DiscountStrategy": 36.78328550001606,
  "EightPuzzle": 40.49579059984535,
  "EmailClient": 31.294566299999133,
  "EncryptionUtils": 30.345642999978736,
  "ExcelProcessor": 35.95422929991037,
  "ExpressionCalculator": 46.39385130000301,
  "FitnessTracker": 26.104697900125757,
  "GomokuGame": 22.252577100181952,
  "Hotel": 25.42524759983644,
  "HRManagementSystem": 27.556309999898076,
  "Interpolation": 23.777229799889028,
  "IPAddress": 16.55739219998941,
  "IpUtil": 25.930282599991187,
  "JobMarketplace": 35.73854439985007,
  "JSONProcessor": 46.365187499905005,
  "KappaCalculator": 26.0913132999558,
  "LongestWord": 22.129862600006163,
  "MahjongConnect": 31.02772350003943,
  "Manacher": 22.09193420014344,
  "MetricsCalculator": 25.68231839989312,
  "MetricsCalculator2": 59.17298000003211,
  "MovieBookingSystem": 35.60496890009381,
  "MovieTicketDB": 22.966580100124702,
  "MusicPlayer": 28.896572799887508,
  "NLPDataProcessor": 25.359281399985775,
  "NLPDataProcessor2": 25.03324729995802,
  "NumberConverter": 17.917106400011107,
  "NumberWordFormatter": 45.55059970007278,
  "NumericEntityUnescaper": 18.756717400159687,
  "Order": 39.327849300112575,
  "PageUtil": 23.014422500040382,
  "PersonRequest": 27.309412400005385,
  "PushBoxGame": 37.327680999878794,
  "RegexUtils": 28.237125999992713,
  "RPGCharacter": 23.575840499950573,
  "Server": 35.585609199944884,
  "ShoppingCart": 30.66164329997264,
  "SignInSystem": 19.055549999931827,
  "Snake": 31.75217799982056,
  "SplitSentence": 14.8188300000038,
  "SQLGenerator": 29.491230399813503,
  "SQLQueryBuilder": 38.87763820006512,
  "Statistics3": 60.86183329997584,
  "StockPortfolioTracker": 34.973088199971244,
  "StudentDatabaseProcessor": 37.55568019999191,
  "TextFileProcessor": 15.384486000053585,
  "Thermostat": 22.24882630002685,
  "TicTacToe": 25.146122599951923,
  "TimeUtils": 44.960696099791676,
  "TriCalculator": 29.246269600000232,
  "TwentyFourPointGame": 40.00258169998415,
  "URLHandler": 34.30980359995738,
  "UrlPath": 28.970073000062257,
  "UserLoginDB": 36.61279240017757,
  "VectorUtil": 52.74373840005137,
  "VendingMachine": 45.48858699994162,
  "Warehouse": 38.39743360015564,
  "WeatherSystem": 36.276336200069636,
  "Words2Numbers": 40.97345759999007,
  "XMLProcessor": 38.64446109998971,
  "ZipFileProcessor": 43.31070480006747
}