{
  "AccessGatewayFilter": 118.87367450003512,
  "AreaCalculator": 136.69703659997322,
  "ArgumentParser": 186.69318160007242,
  "ArrangementCalculator": 131.479207700002,
  "AssessmentSystem": 186.0076460998971,
  "AutomaticGuitarSimulator": 140.7251078999834,
  "AvgPartition": 133.4672035999829,
  "BalancedBrackets": 91.85442230000626,
  "BankAccount": 103.37066849996336,
  "BigNumCalculator": 147.9308729999466,
  "BinaryDataProcessor": 147.81648599996697,
  "BitStatusUtil": 103.1570192000363,
  "BlackjackGame": 150.10316270007752,
  "BookManagement": 83.87419050000608,
  "BookManagementDB": 129.28467600001022,
  "BoyerMooreSearch": 135.84411469998304,
  "Calculator": 130.44414560007863,
  "CalendarUtil": 174.7781549000647,
  "CamelCaseMap": 93.9742975999834,
  "ChandrasekharSieve": 96.90351830003783,
  "Chat": 104.74434460001066,
  "ClassRegistrationSystem": 109.32422249997035,
  "Classroom": 156.44615089998115,
  "CombinationCalculator": 99.56493600003887,
  "ComplexCalculator": 93.95989190007094,
  "CookiesUtil": 139.14812170004006,
  "CSVProcessor": 176.47736310004257,
  "CurrencyConverter": 105.14203750004526,
  "DatabaseProcessor": 155.7742283999687,
  "DataStatistics": 115.2939139000373,
  "DataStatistics2": 125.08143390004989,
  "DataStatistics4": 192.52318749995902,
  "DecryptionUtils": 144.3582935000304,
  "DiscountStrategy": 237.3463738000719,
  "EightPuzzle": 156.34633840003517,
  "EmailClient": 149.9997860000003,
  "EncryptionUtils": 148.73730210005306,
  "ExcelProcessor": 261.40354510000907,
  "ExpressionCalculator": 207.57090669998433,
  "FitnessTracker": 152.17132620001212,
  "GomokuGame": 196.6359780000057,
  "Hotel": 146.72378940007184,
  "HRManagementSystem": 137.5369014000753,
  "Interpolation": 252.9464578999905,
  "IPAddress": 114.87840569997206,
  "IpUtil": 127.0918085000012,
  "JobMarketplace": 157.90041950007435,
  "JSONProcessor": 131.69024799996987,
  "KappaCalculator": 290.8249687999487,
  "LongestWord": 100.15730620000977,
  "MahjongConnect": 139.88553670002148,
  "Manacher": 426.71540190000087,
  "MetricsCalculator": 158.71625289996155,
  "MetricsCalculator2": 275.7740579000674,
  "MovieBookingSystem": 150.63553079997655,
  "MovieTicketDB": 153.60678429994732,
  "MusicPlayer": 169.78433769999538,
  "NLPDataProcessor": 119.40359680005349,
  "NLPDataProcessor2": 154.42373349994887,
  "NumberConverter": 140.59931620000862,
  "NumberWordFormatter": 198.51358789997175,
  "NumericEntityUnescaper": 192.46357950009406,
  "Order": 132.8196700999979,
  "PageUtil": 179.7197790000355,
  "PersonRequest": 102.60550139995757,
  "PushBoxGame": 483.7563228000654,
  "RegexUtils": 171.3225897999946,
  "RPGCharacter": 129.23981229995843,
  "Server": 125.70752469997387,
  "ShoppingCart": 148.0163801999297,
  "SignInSystem": 125.7159012000775,
  "Snake": 160.67502620001324,
  "SplitSentence": 112.88448980008252,
  "SQLGenerator": 164.02594620001037,
  "SQLQueryBuilder": 149.36302349995822,
  "Statistics3": 187.695789600024,
  "StockPortfolioTracker": 158.5547814000165,
  "StudentDatabaseProcessor": 141.82579739997163,
  "TextFileProcessor": 92.02358670008834,
  "Thermostat": 108.94041499996092,
  "TicTacToe": 154.85178310004994,
  "TimeUtils": 294.10096519999206,
  "TriCalculator": 179.14615519996732,
  "TwentyFourPointGame": 184.0089336000383,
  "URLHandler": 205.73814939998556,
  "UrlPath": 129.32243699999526,
  "UserLoginDB": 125.84829849994276,
  "VectorUtil": 186.17828689992893,
  "VendingMachine": 128.5995470000198,
  "Warehouse": 111.12806090002414,
  "WeatherSystem": 119.62471410003491,
  "Words2Numbers": 163.8369886999717,
  "XMLProcessor": 156.07916490000207,
  "ZipFileProcessor": 193.28409319999628
}