{
  "AccessGatewayFilter": 15.687879999983124,
  "AreaCalculator": 23.752424799953587,
  "ArgumentParser": 20.992465600022115,
  "ArrangementCalculator": 18.33460760000162,
  "AssessmentSystem": 20.17062430002261,
  "AutomaticGuitarSimulator": 12.683290500019211,
  "AvgPartition": 10.952111000020523,
  "BalancedBrackets": 10.856385999999475,
  "BankAccount": 10.23338289995445,
  "BigNumCalculator": 21.815383700013626,
  "BinaryDataProcessor": 14.338162000000011,
  "BitStatusUtil": 9.199720100034028,
  "BlackjackGame": 20.37765889998991,
  "BookManagement": 9.41740849998314,
  "BookManagementDB": 25.187206999980845,
  "BoyerMooreSearch": 13.614576800027862,
  "Calculator": 24.78363909997279,
  "CalendarUtil": 18.21808260004036,
  "CamelCaseMap": 15.870024900010321,
  "ChandrasekharSieve": 12.1000888000126,
  "Chat": 16.665817599976435,
  "ClassRegistrationSystem": 14.946740499988664,
  "Classroom": 25.393517099961173,
  "CombinationCalculator": 18.630844800034538,
  "ComplexCalculator": 11.667553599982057,
  "CookiesUtil": 16.073120399960317,
  "CSVProcessor": 14.745337500004098,
  "CurrencyConverter": 13.203103700012434,
  "DatabaseProcessor": 25.80198519997066,
  "DataStatistics": 13.409502700029407,
  "DataStatistics2": 13.716465900011826,
  "DataStatistics4": 18.839332000003196,
  "DecryptionUtils": 27.131090599985328,
  "DiscountStrategy": 18.345537499990314,
  "EightPuzzle": 29.6532065999927,
  "EmailClient": 17.61117180000292,
  "EncryptionUtils": 19.146483499964233,
  "ExcelProcessor": 20.87975490000099,
  "ExpressionCalculator": 31.953925600042567,
  "FitnessTracker": 15.550435699988157,
  "GomokuGame": 20.799159999995027,
  "Hotel": 17.081241599982604,
  "HRManagementSystem": 19.34645209996961,
  "Interpolation": 19.55887900001835,
  "IPAddress": 16.867926299979445,
  "IpUtil": 11.070467600016855,
  "JobMarketplace": 21.3711741999723,
  "JSONProcessor": 12.528352799999993,
  "KappaCalculator": 20.769683399994392,
  "LongestWord": 8.903482900001109,
  "MahjongConnect": 25.999365299998317,
  "Manacher": 12.582023299997672,
  "MetricsCalculator": 20.682179299998097,
  "MetricsCalculator2": 23.649108899990097,
  "MovieBookingSystem": 24.570722099975683,
  "MovieTicketDB": 20.0648852000013,
  "MusicPlayer": 20.984724699985236,
  "NLPDataProcessor": 13.206432800041512,
  "NLPDataProcessor2": 15.877159599971492,
  "NumberConverter": 8.694073599996045,
  "NumberWordFormatter": 33.99076519999653,
  "NumericEntityUnescaper": 15.246505799994338,
  "Order": 13.613341899996158,
  "PageUtil": 20.3804704999784,
  "PersonRequest": 11.659907799970824,
  "PushBoxGame": 22.41386049997527,
  "RegexUtils": 20.78400210000109,
  "RPGCharacter": 17.094673199986573,
  "Server": 17.60884389997227,
  "ShoppingCart": 10.3331192000187,
  "SignInSystem": 9.825843100028578,
  "Snake": 18.731225700001232,
  "SplitSentence": 11.769468099984806,
  "SQLGenerator": 20.690653100027703,
  "SQLQueryBuilder": 18.133408199995756,
  "Statistics3": 18.605030499980785,
  "StockPortfolioTracker": 26.62809750001179,
  "StudentDatabaseProcessor": 18.309476999973413,
  "TextFileProcessor": 9.718325299967546,
  "Thermostat": 17.708367999992333,
  "TicTacToe": 18.215282699966338,
  "TimeUtils": 16.786092199967243,
  "TriCalculator": 23.252024699992035,
  "TwentyFourPointGame": 27.93606469995575,
  "URLHandler": 9.61916130001191,
  "UrlPath": 11.976399999985006,
  "UserLoginDB": 22.828903899993747,
  "VectorUtil": 26.203084099979606,
  "VendingMachine": 16.273922299966216,
  "Warehouse": 15.181450699979905,
  "WeatherSystem": 16.038566799950786,
  "Words2Numbers": 21.492527499969583,
  "XMLProcessor": 15.503768499998841,
  "ZipFileProcessor": 21.85771349997958
}