{
  "AccessGatewayFilter": 14.332509994506836,
  "AreaCalculator": 15.324942827224731,
  "ArgumentParser": 20.27869415283203,
  "ArrangementCalculator": 17.367810249328613,
  "AssessmentSystem": 19.97866463661194,
  "AutomaticGuitarSimulator": 11.652719020843506,
  "AvgPartition": 8.84644079208374,
  "BalancedBrackets": 12.467349529266357,
  "BankAccount": 9.424128770828247,
  "BigNumCalculator": 21.6719868183136,
  "BinaryDataProcessor": 13.631244897842407,
  "BitStatusUtil": 8.41941499710083,
  "BlackjackGame": 20.57579731941223,
  "BookManagement": 8.87159776687622,
  "BookManagementDB": 24.37594246864319,
  "BoyerMooreSearch": 13.837573766708374,
  "Calculator": 24.029635906219482,
  "CalendarUtil": 17.681349277496338,
  "CamelCaseMap": 15.084479570388794,
  "ChandrasekharSieve": 13.974453687667847,
  "Chat": 15.021935224533081,
  "ClassRegistrationSystem": 14.874619483947754,
  "Classroom": 24.632112741470337,
  "CombinationCalculator": 16.510048866271973,
  "ComplexCalculator": 11.044793605804443,
  "CookiesUtil": 10.908049583435059,
  "CSVProcessor": 14.09004020690918,
  "CurrencyConverter": 12.677885293960571,
  "DatabaseProcessor": 25.32160520553589,
  "DataStatistics": 12.668447971343994,
  "DataStatistics2": 13.15024209022522,
  "DataStatistics4": 19.004844188690186,
  "DecryptionUtils": 26.69442105293274,
  "DiscountStrategy": 17.42478656768799,
  "EightPuzzle": 28.984450101852417,
  "EmailClient": 14.990142345428467,
  "EncryptionUtils": 17.187578916549683,
  "ExcelProcessor": 21.13090944290161,
  "ExpressionCalculator": 33.802648067474365,
  "FitnessTracker": 15.516640901565552,
  "GomokuGame": 20.23434829711914,
  "Hotel": 16.99470090866089,
  "HRManagementSystem": 18.57838463783264,
  "Interpolation": 18.46596121788025,
  "IPAddress": 13.849261283874512,
  "IpUtil": 9.772265195846558,
  "JobMarketplace": 20.843320846557617,
  "JSONProcessor": 11.520270824432373,
  "KappaCalculator": 19.959343910217285,
  "LongestWord": 7.518093109130859,
  "MahjongConnect": 25.454599142074585,
  "Manacher": 11.714654684066772,
  "MetricsCalculator": 23.24838352203369,
  "MetricsCalculator2": 22.698124647140503,
  "MovieBookingSystem": 23.889790058135986,
  "MovieTicketDB": 20.02377152442932,
  "MusicPlayer": 20.205495595932007,
  "NLPDataProcessor": 12.263112545013428,
  "NLPDataProcessor2": 15.16801142692566,
  "NumberConverter": 7.973727464675903,
  "NumberWordFormatter": 33.73962116241455,
  "NumericEntityUnescaper": 11.986704587936401,
  "Order": 12.343971729278564,
  "PageUtil": 19.78432869911194,
  "PersonRequest": 10.949913024902344,
  "PushBoxGame": 22.05045223236084,
  "RegexUtils": 19.88837695121765,
  "RPGCharacter": 16.768971920013428,
  "Server": 16.82953405380249,
  "ShoppingCart": 9.124220609664917,
  "SignInSystem": 8.928504705429077,
  "Snake": 17.876147031784058,
  "SplitSentence": 11.547826051712036,
  "SQLGenerator": 19.043323516845703,
  "SQLQueryBuilder": 17.526256322860718,
  "Statistics3": 21.840545177459717,
  "StockPortfolioTracker": 25.8195903301239,
  "StudentDatabaseProcessor": 17.804410696029663,
  "TextFileProcessor": 8.941055059432983,
  "Thermostat": 17.36687731742859,
  "TicTacToe": 17.063432216644287,
  "TimeUtils": 15.398818492889404,
  "TriCalculator": 21.007616758346558,
  "TwentyFourPointGame": 25.896395444869995,
  "URLHandler": 8.819308280944824,
  "UrlPath": 12.301529884338379,
  "UserLoginDB": 22.523669719696045,
  "VectorUtil": 23.117924690246582,
  "VendingMachine": 15.874339818954468,
  "Warehouse": 13.563979864120483,
  "WeatherSystem": 15.777761936187744,
  "Words2Numbers": 21.24861240386963,
  "XMLProcessor": 14.068768739700317,
  "ZipFileProcessor": 19.257328271865845
}