{
  "AccessGatewayFilter": 7.306339979171753,
  "AreaCalculator": 3.926950216293335,
  "ArgumentParser": 8.386577129364014,
  "ArrangementCalculator": 7.38953971862793,
  "AssessmentSystem": 7.780637502670288,
  "AutomaticGuitarSimulator": 3.835350513458252,
  "AvgPartition": 2.4412336349487305,
  "BalancedBrackets": 3.9141902923583984,
  "BankAccount": 2.7176411151885986,
  "BigNumCalculator": 12.739754915237427,
  "BinaryDataProcessor": 4.882876873016357,
  "BitStatusUtil": 3.2615973949432373,
  "BlackjackGame": 7.6629250049591064,
  "BookManagement": 3.069385290145874,
  "BookManagementDB": 8.952800750732422,
  "BoyerMooreSearch": 5.214211463928223,
  "Calculator": 8.455859899520874,
  "CalendarUtil": 9.24130630493164,
  "CamelCaseMap": 4.877825736999512,
  "ChandrasekharSieve": 3.3312032222747803,
  "Chat": 5.243966102600098,
  "ClassRegistrationSystem": 8.001513719558716,
  "Classroom": 9.636476039886475,
  "CombinationCalculator": 4.200394630432129,
  "ComplexCalculator": 4.736177921295166,
  "CookiesUtil": 4.476378440856934,
  "CSVProcessor": 5.371996879577637,
  "CurrencyConverter": 5.820555686950684,
  "DatabaseProcessor": 8.82412314414978,
  "DataStatistics": 3.8476250171661377,
  "DataStatistics2": 4.475167512893677,
  "DataStatistics4": 9.07877492904663,
  "DecryptionUtils": 9.679953575134277,
  "DiscountStrategy": 8.118570327758789,
  "EightPuzzle": 11.251909494400024,
  "EmailClient": 6.639481067657471,
  "EncryptionUtils": 6.606605768203735,
  "ExcelProcessor": 8.882188558578491,
  "ExpressionCalculator": 16.240101099014282,
  "FitnessTracker": 5.993591785430908,
  "GomokuGame": 7.348268747329712,
  "Hotel": 6.608462572097778,
  "HRManagementSystem": 7.005723476409912,
  "Interpolation": 7.644601583480835,
  "IPAddress": 4.728838205337524,
  "IpUtil": 3.3470897674560547,
  "JobMarketplace": 7.776696681976318,
  "JSONProcessor": 3.933722734451294,
  "KappaCalculator": 5.886031150817871,
  "LongestWord": 2.669696569442749,
  "MahjongConnect": 11.522949695587158,
  "Manacher": 4.315236568450928,
  "MetricsCalculator": 8.480291604995728,
  "MetricsCalculator2": 8.60757827758789,
  "MovieBookingSystem": 10.120090007781982,
  "MovieTicketDB": 8.887502193450928,
  "MusicPlayer": 7.596791744232178,
  "NLPDataProcessor": 2.6334385871887207,
  "NLPDataProcessor2": 5.614816665649414,
  "NumberConverter": 2.967376947402954,
  "NumberWordFormatter": 14.067097187042236,
  "NumericEntityUnescaper": 5.5478291511535645,
  "Order": 4.408031463623047,
  "PageUtil": 7.9106786251068115,
  "PersonRequest": 4.030392646789551,
  "PushBoxGame": 10.601887941360474,
  "RegexUtils": 7.338980436325073,
  "RPGCharacter": 6.488836050033569,
  "Server": 5.357729196548462,
  "ShoppingCart": 3.333404064178467,
  "SignInSystem": 4.275634765625,
  "Snake": 10.106176614761353,
  "SplitSentence": 3.7758383750915527,
  "SQLGenerator": 6.3445703983306885,
  "SQLQueryBuilder": 6.3643479347229,
  "Statistics3": 10.587215662002563,
  "StockPortfolioTracker": 9.695990800857544,
  "StudentDatabaseProcessor": 7.665512323379517,
  "TextFileProcessor": 2.797706365585327,
  "Thermostat": 5.875244617462158,
  "TicTacToe": 6.515283584594727,
  "TimeUtils": 5.8146772384643555,
  "TriCalculator": 8.055359125137329,
  "TwentyFourPointGame": 14.454581260681152,
  "URLHandler": 2.7489640712738037,
  "UrlPath": 3.990783214569092,
  "UserLoginDB": 7.774170637130737,
  "VectorUtil": 11.91627049446106,
  "VendingMachine": 5.939388275146484,
  "Warehouse": 7.005986213684082,
  "WeatherSystem": 5.68703293800354,
  "Words2Numbers": 12.496765851974487,
  "XMLProcessor": 4.611492395401001,
  "ZipFileProcessor": 9.264391899108887
}