{
  "AccessGatewayFilter": 8.05361649999395,
  "AreaCalculator": 3.9686908000148833,
  "ArgumentParser": 8.61309280002024,
  "ArrangementCalculator": 7.571377100015525,
  "AssessmentSystem": 7.802765999978874,
  "AutomaticGuitarSimulator": 3.848669700033497,
  "AvgPartition": 2.4436550000100397,
  "BalancedBrackets": 4.0194388999952935,
  "BankAccount": 2.762500500015449,
  "BigNumCalculator": 12.802128899958916,
  "BinaryDataProcessor": 4.859619399998337,
  "BitStatusUtil": 3.2877047000220045,
  "BlackjackGame": 7.645672699960414,
  "BookManagement": 3.0925778000382707,
  "BookManagementDB": 9.066758800006937,
  "BoyerMooreSearch": 5.314400300034322,
  "Calculator": 8.608269800024573,
  "CalendarUtil": 9.250608800037298,
  "CamelCaseMap": 5.073425600014161,
  "ChandrasekharSieve": 3.3771611000411212,
  "Chat": 5.325412600010168,
  "ClassRegistrationSystem": 7.570210499980021,
  "Classroom": 9.645616900001187,
  "CombinationCalculator": 4.216973999980837,
  "ComplexCalculator": 4.2545421999529935,
  "CookiesUtil": 4.630947600002401,
  "CSVProcessor": 5.296542100026272,
  "CurrencyConverter": 5.9401092999614775,
  "DatabaseProcessor": 8.913096700038295,
  "DataStatistics": 4.39698820002377,
  "DataStatistics2": 4.494236300000921,
  "DataStatistics4": 9.113463399989996,
  "DecryptionUtils": 9.72255220002262,
  "DiscountStrategy": 8.130685300042387,
  "EightPuzzle": 11.011741599999368,
  "EmailClient": 6.758796399983112,
  "EncryptionUtils": 6.65136740001617,
  "ExcelProcessor": 8.292748599953484,
  "ExpressionCalculator": 16.28384599997662,
  "FitnessTracker": 6.038930700044148,
  "GomokuGame": 7.4639244000427425,
  "Hotel": 6.648714900016785,
  "HRManagementSystem": 7.067036400025245,
  "Interpolation": 7.695867600035854,
  "IPAddress": 4.789812600007281,
  "IpUtil": 3.3478817000286654,
  "JobMarketplace": 7.80805530003272,
  "JSONProcessor": 3.999354299972765,
  "KappaCalculator": 5.92526580003323,
  "LongestWord": 2.763366999977734,
  "MahjongConnect": 11.566505199996755,
  "Manacher": 4.398714900016785,
  "MetricsCalculator": 8.49856749997707,
  "MetricsCalculator2": 8.612184599973261,
  "MovieBookingSystem": 10.324016900034621,
  "MovieTicketDB": 8.911100700031966,
  "MusicPlayer": 7.670457100030035,
  "NLPDataProcessor": 2.6751892000320368,
  "NLPDataProcessor2": 5.815995700017083,
  "NumberConverter": 2.973591399961151,
  "NumberWordFormatter": 14.122541299962904,
  "NumericEntityUnescaper": 5.631620100000873,
  "Order": 4.497960600012448,
  "PageUtil": 7.909321499988437,
  "PersonRequest": 4.0621297000325285,
  "PushBoxGame": 10.649166600022,
  "RegexUtils": 7.485600699961651,
  "RPGCharacter": 6.488473300007172,
  "Server": 5.360131900000852,
  "ShoppingCart": 3.390418700000737,
  "SignInSystem": 4.296782899997197,
  "Snake": 10.129881299973931,
  "SplitSentence": 3.995006999990437,
  "SQLGenerator": 6.540407199994661,
  "SQLQueryBuilder": 6.374755099997856,
  "Statistics3": 10.725707199948374,
  "StockPortfolioTracker": 9.718436399998609,
  "StudentDatabaseProcessor": 7.774498399987351,
  "TextFileProcessor": 2.9652980000246316,
  "Thermostat": 5.937997100001667,
  "TicTacToe": 6.5477071000495926,
  "TimeUtils": 5.934220700000878,
  "TriCalculator": 8.186734299990349,
  "TwentyFourPointGame": 14.443166900018696,
  "URLHandler": 3.155775200051721,
  "UrlPath": 4.094512099982239,
  "UserLoginDB": 7.7135108999791555,
  "VectorUtil": 11.911597799975425,
  "VendingMachine": 5.967001699958928,
  "Warehouse": 7.15506690001348,
  "WeatherSystem": 5.727393799985293,
  "Words2Numbers": 12.326528800011147,
  "XMLProcessor": 4.621024599997327,
  "ZipFileProcessor": 9.276528499962296
}