{
  "AccessGatewayFilter": 150.7689776000334,
  "AreaCalculator": 21.333862200030126,
  "ArgumentParser": 185.17428999999538,
  "ArrangementCalculator": 31.202206800109707,
  "AssessmentSystem": 159.0292172000045,
  "AutomaticGuitarSimulator": 90.48476980009582,
  "AvgPartition": 75.69958060001954,
  "BalancedBrackets": 21.222009100019932,
  "BankAccount": 20.964543399983086,
  "BigNumCalculator": 37.46378410002217,
  "BinaryDataProcessor": 20.79507910006214,
  "BitStatusUtil": 56.08179389999714,
  "BlackjackGame": 115.46865729999263,
  "BookManagement": 25.620216300012544,
  "BookManagementDB": 87.94864189997315,
  "BoyerMooreSearch": 26.19483459996991,
  "Calculator": 151.33674120006617,
  "CalendarUtil": 144.37850280001294,
  "CamelCaseMap": 69.54997619998176,
  "ChandrasekharSieve": 18.87911809992511,
  "Chat": 33.17932049999945,
  "ClassRegistrationSystem": 225.64299930003472,
  "Classroom": 95.84028390003368,
  "CombinationCalculator": 164.87077650008723,
  "ComplexCalculator": 22.0284673999995,
  "CookiesUtil": 31.308845499996096,
  "CSVProcessor": 171.253238699981,
  "CurrencyConverter": 24.655588699970394,
  "DatabaseProcessor": 126.77706740004942,
  "DataStatistics": 20.89009340002667,
  "DataStatistics2": 26.21622419997584,
  "DataStatistics4": 33.763396900030784,
  "DecryptionUtils": 26.932586599956267,
  "DiscountStrategy": 179.39662779995706,
  "EightPuzzle": 39.60031909996178,
  "EmailClient": 73.66851160000078,
  "EncryptionUtils": 37.944658800028265,
  "ExcelProcessor": 159.89458000008017,
  "ExpressionCalculator": 211.0776858999161,
  "FitnessTracker": 42.43037750001531,
  "GomokuGame": 23.825733099947684,
  "Hotel": 137.60864879994188,
  "HRManagementSystem": 93.09322109993082,
  "Interpolation": 43.247492700000294,
  "IPAddress": 19.272040199954063,
  "IpUtil": 106.677260599914,
  "JobMarketplace": 175.56984659994487,
  "JSONProcessor": 62.84460219996981,
  "KappaCalculator": 104.77736880001612,
  "LongestWord": 40.13909299997613,
  "MahjongConnect": 34.47376190009527,
  "Manacher": 127.54128610005137,
  "MetricsCalculator": 33.534530400065705,
  "MetricsCalculator2": 213.95601189997979,
  "MovieBookingSystem": 177.43935720005538,
  "MovieTicketDB": 37.872613300103694,
  "MusicPlayer": 76.06471579999197,
  "NLPDataProcessor": 131.48458170006052,
  "NLPDataProcessor2": 50.97058269998524,
  "NumberConverter": 16.217696100007743,
  "NumberWordFormatter": 190.34047860000283,
  "NumericEntityUnescaper": 24.5912255999865,
  "Order": 165.13137039996218,
  "PageUtil": 34.533359799999744,
  "PersonRequest": 41.30367000005208,
  "PushBoxGame": 81.70702159998473,
  "RegexUtils": 29.00487540010363,
  "RPGCharacter": 32.8463352000108,
  "Server": 63.85475110006519,
  "ShoppingCart": 60.243424299987964,
  "SignInSystem": 19.60705950006377,
  "Snake": 33.402871199999936,
  "SplitSentence": 20.42216690001078,
  "SQLGenerator": 56.36337849998381,
  "SQLQueryBuilder": 166.90939320006873,
  "Statistics3": 52.879991599940695,
  "StockPortfolioTracker": 182.9911239000503,
  "StudentDatabaseProcessor": 69.04661259998102,
  "TextFileProcessor": 21.82845910009928,
  "Thermostat": 26.991993799922056,
  "TicTacToe": 34.44751650001854,
  "TimeUtils": 170.85886590008158,
  "TriCalculator": 66.45015589997638,
  "TwentyFourPointGame": 39.12647299992386,
  "URLHandler": 75.89371410000604,
  "UrlPath": 57.623546899994835,
  "UserLoginDB": 167.43250409991015,
  "VectorUtil": 101.41833969997242,
  "VendingMachine": 134.92470119998325,
  "Warehouse": 65.18778889998794,
  "WeatherSystem": 135.68199180008378,
  "Words2Numbers": 196.23295089998282,
  "XMLProcessor": 87.95714610000141,
  "ZipFileProcessor": 44.28897359990515
}